age,a_min,a_max,b_min,b_max,c_min,c_max,d_min,d_max,title,description
under40,10,15,13,15,,,,,視野が広がり次につながる状態,自分の作業だけでなく、現場全体や設備の動きに目が向いている様子がうかがえます。今の経験を土台に、仕組みや工程を少しずつ理解していくことが、将来の選択肢を広げる一歩になりそうです。
under40,7,9,13,15,,,,,慣れ途中で視野が先行している状態,作業に慣れてきた途中段階で、周囲や工程全体にも目が向いている様子がうかがえます。今の仕事を安定させながら、関心のある部分を少しずつ知っていくことが、今後の仕事に役立つ一歩になりそうです。
under40,3,6,13,15,,,,,違和感をきっかけに視野が広がっている状態,今の仕事に難しさを感じながらも、現場全体や仕組みに目が向いている様子がうかがえます。感じている違和感をきっかけに、仕事の進め方や関わり方を見直してみることが、これからの取り組みを考える一歩になりそうです。
under40,, ,10,12,,,,,関心が芽生え始めている状態,今の仕事をこなしながら、少しずつ周囲や他の作業にも関心が出てきている様子がうかがえます。無理のない形で経験を広げていくことが、今後の仕事を考えるうえでの一歩になりそうです。
under40,, ,7,9,,,,,整理・探索段階,仕事や自分の考えを整理している途中にある様子がうかがえます。日々の仕事の中で感じることを大切にしながら、自分に合った進め方を見つけていくことが、次のヒントにつながりそうです。
under40,,,1,6,,,,,現状を大切にしている状態,今は自分の作業を安定して続けることを大切にしている様子がうかがえます。無理に視野を広げる必要はありません。今の経験を積み重ねていくことが、次を考える土台になりそうです。
40s,10,15,13,15,, ,8,10,経験を活かして広がる状態,これまでの現場経験を活かし、工程全体や他の作業にも目が向いている様子がうかがえます。多能工的な動きやスキルを少しずつ積み重ねていくことが、今後の仕事につながる一歩になりそうです。
40s,7,9,13,15,,,,,慣れ途中で広がり志向,仕事に慣れてきた段階で、作業の幅を意識し始めている様子がうかがえます。今の作業を大切にしながら、関心を持った分野から経験を重ねていくことが、無理のない広がりにつながりそうです。
40s,3,6,13,15,,,,,違和感をきっかけに役割拡張を考える状態,現場での違和感を背景に、他の工程や役割にも関心が向いている様子がうかがえます。今感じていることをきっかけに、役割やスキルの広がりを考えてみることが、今後を見通す一歩になりそうです。
40s,, ,10,12,,,,,今の経験を土台に広がり始めている,今の仕事を続けながら、できることを増やそうとする意識が見えてきます。無理のない形で経験を広げていくことが、これからの働き方を考える一歩になりそうです。
40s,,,7,9,,,,,今の経験を整理しながら考えている状態,今の仕事を続けながら、自分の役割やできることを整理している段階にある様子がうかがえます。どの作業が続けやすいかを意識しながら、今の経験を積み重ねていくことが、次を考えるヒントにつながりそうです。
40s,,,1,6,,,,,現状を土台に考えている状態,今の仕事を着実にこなすことを重視している様子がうかがえます。無理に役割を広げなくても、今の経験を確かなものにしていくことが、これからを考える土台になりそうです。
50s,10,15,, ,8,10,8,10,経験を活かしながら継続したい状態,これまでの経験を活かし、無理なく働き続けたいという意識がはっきりしている様子がうかがえます。役割や負担を少し調整しながら、続けやすい形を整えていくことが、安心して働くための一歩になりそうです。
50s,7,9,, ,8,10,,,負担を感じつつも継続を考えている状態,仕事に負担を感じる場面がありながらも、できるだけ続けたいと考えている様子がうかがえます。無理のない形を探しながら働き方を見直していくことが、今後につながる一歩になりそうです。
50s,3,6,, ,8,10,,,厳しさを感じながらも継続意向がある状態,今の仕事が楽とは言えない中でも、続けたいという気持ちが見えてきます。役割や働き方を見直しながら、続けやすい形を探っていくことが、これからの一歩になりそうです。
50s,, , , ,6,7,,,継続条件を整理している段階,この先どう続けるかを考え始めている状態にある様子がうかがえます。負担や条件を整理しながら、安心して働ける形を整えていくことが、次につながる一歩になりそうです。
50s,, , , ,1,5,,,継続に慎重な状態,今後の働き方について慎重に考えている様子がうかがえます。今すぐ結論を出さず、体調や状況を大切にしながら、自分に合った形を考えていくことが一歩になりそうです。
60s,10,15,, ,8,10,8,10,経験を活かしながら継続したい状態,これまでの経験を活かし、無理なく働き続けたいという意識がはっきりしている様子がうかがえます。役割や負担を少し調整しながら、続けやすい形を整えていくことが、安心して働くための一歩になりそうです。
60s,7,9,, ,8,10,,,負担を感じつつも継続を考えている状態,仕事に負担を感じる場面がありながらも、できるだけ続けたいと考えている様子がうかがえます。無理のない形を探しながら働き方を見直していくことが、今後につながる一歩になりそうです。
60s,3,6,, ,8,10,,,厳しさを感じながらも継続意向がある状態,今の仕事が楽とは言えない中でも、続けたいという気持ちが見えてきます。役割や働き方を見直しながら、続けやすい形を探っていくことが、これからの一歩になりそうです。
60s,, , , ,6,7,,,継続条件を整理している段階,この先どう続けるかを考え始めている状態にある様子がうかがえます。負担や条件を整理しながら、安心して働ける形を整えていくことが、次につながる一歩になりそうです。
60s,, , , ,1,5,,,継続に慎重な状態,今後の働き方について慎重に考えている様子がうかがえます。今すぐ結論を出さず、体調や状況を大切にしながら、自分に合った形を考えていくことが一歩になりそうです。
